<?xml version="1.0" encoding="UTF-8"?>
<beans xmlns="http://www.springframework.org/schema/beans"
	xmlns:xsi="http://www.w3.org/2001/XMLSchema-instance" xmlns:context="http://www.springframework.org/schema/context"
	xmlns:aop="http://www.springframework.org/schema/aop" xmlns:tx="http://www.springframework.org/schema/tx"
	xsi:schemaLocation="http://www.springframework.org/schema/beans
       http://www.springframework.org/schema/beans/spring-beans-3.1.xsd
       http://www.springframework.org/schema/context
       http://www.springframework.org/schema/context/spring-context-3.1.xsd
       http://www.springframework.org/schema/aop 
       http://www.springframework.org/schema/aop/spring-aop-3.1.xsd
       http://www.springframework.org/schema/tx
       http://www.springframework.org/schema/tx/spring-tx-3.1.xsd
       http://www.springframework.org/schema/beans 
       http://www.springframework.org/schema/beans/spring-beans.xsd"  default-autowire="byName">

	<context:annotation-config />
	<context:component-scan base-package="com.weixin" />

	<!-- 通用配置文件配置部份 -->
	<bean id="propertyConfigurer"
		class="org.springframework.beans.factory.config.PropertyPlaceholderConfigurer">
		<property name="locations">
			<list>
				<value>classpath:conf.properties</value>
				<value>classpath:database.properties</value>
			</list>
		</property>
	</bean>
	
	<bean id="proxoolDataSource" class="org.logicalcobwebs.proxool.ProxoolDataSource">
		<property name="driver">
			<value>${jdbc.driver}</value>
		</property>
		<property name="driverUrl">
			<value>${jdbc.url}</value>
		</property>
		<property name="user">
			<value>${jdbc.username}</value>
		</property>
		<property name="password">
			<value>${jdbc.password}</value>
		</property>
		<property name="houseKeepingTestSql">
			<value>${jdbc.testSql}</value>
		</property>
		<property name="maximumActiveTime">
			<value>${jdbc.maximumActiveTime}</value>
		</property>
		<property name="minimumConnectionCount">
			<value>${jdbc.minPoolSize}</value>
		</property>
		<property name="maximumConnectionCount">
			<value>${jdbc.maxPoolSize}</value>
		</property>
		<property name="testBeforeUse">
			<value>true</value>
		</property>
		<property name="trace">
			<value>true</value>
		</property>
		<property name="simultaneousBuildThrottle">
			<value>${jdbc.simultaneousBuildThrottle}</value>
		</property>
	</bean>

	<bean id="sessionFactory"
		class="org.springframework.orm.hibernate3.annotation.AnnotationSessionFactoryBean">
		<property name="dataSource">
			<ref bean="proxoolDataSource" />
		</property>
		<property name="hibernateProperties">
			<props>
				<prop key="hibernate.dialect">org.hibernate.dialect.MySQL5InnoDBDialect</prop>
				<prop key="hibernate.show_sql">true</prop>
				<prop key="hibernate.hbm2ddl.auto">update</prop>
			</props>
		</property>
		<property name="packagesToScan">
			<list>
				<value></value>
			</list>
		</property>
	</bean>
	
	<bean id="transactionManager"
		class="org.springframework.orm.hibernate3.HibernateTransactionManager">
		<property name="sessionFactory" ref="sessionFactory" />
	</bean>
	
	<tx:advice id="txAdvice" transaction-manager="transactionManager">
		<tx:attributes>
			<tx:method name="*" propagation="REQUIRED" rollback-for="Exception" />
		</tx:attributes>
	</tx:advice>
	
	<aop:config>
		<aop:pointcut id="transactionAdvicePointCuts" expression="execution(* com.weixin.datacore.service.*..*(..))" />
		<aop:advisor advice-ref="txAdvice" pointcut-ref="transactionAdvicePointCuts" order="3" />
	</aop:config>

</beans>