<?xml version="1.0" encoding="UTF-8"?>
<!DOCTYPE struts PUBLIC
        "-//Apache Software Foundation//DTD Struts Configuration 2.0//EN"
        "http://struts.apache.org/dtds/struts-2.0.dtd">
<struts>
	<package name="ngboss-security" extends="app-default" namespace="/">
		<action name="weiXin*" class="com.weixin.webui.WeiXinAction" method="{1}">
	    	<result name="input">/WEB-INF/pages/weixin/json.msg.jsp</result>
	    	<result name="index">/WEB-INF/pages/backend/index.jsp</result>
	    </action>
	    
	    <action name="index*" class="com.weixin.webui.end.IndexAction" method="{1}">
	    	<result name="index">/index.jsp</result>
	    	<result name="login">/login.jsp</result>
	    </action>
	</package>
</struts>