<?xml version="1.0" encoding="UTF-8"?>
<!DOCTYPE struts PUBLIC
        "-//Apache Software Foundation//DTD Struts Configuration 2.0//EN"
        "http://struts.apache.org/dtds/struts-2.0.dtd">
<struts>
	<package name="ngboss-message" extends="app-default" namespace="/message">
		<action name="msg*" class="com.weixin.webui.end.TalkMessageAction" method="{1}">
	    	<result name="input">/WEB-INF/pages/talkInfo/messageIndex.jsp</result>
	    	<result name="talk">/WEB-INF/pages/talkInfo/talkInfo.jsp</result>
	    </action>
	</package>
</struts>
