<?xml version="1.0" encoding="UTF-8"?>
<!DOCTYPE struts PUBLIC
        "-//Apache Software Foundation//DTD Struts Configuration 2.0//EN"
        "http://struts.apache.org/dtds/struts-2.0.dtd">
<struts>
	<package name="boss-ui-system-comm" extends="app-default" namespace="/comm">
		<action name="upload*" class="com.weixin.webui.comm.CommUploadFileAction"  method="upload{1}">
		    <interceptor-ref name="fileUpload">
	           <!-- 文件过滤 -->
	           <!-- <param name="allowedTypes">image/bmp,image/png,image/gif,image/jpeg</param> -->
	           <!-- 文件大小, 以字节为单位 -->
	           <param name="maximumSize">102595600</param>
	         </interceptor-ref>
	         <!-- 默认拦截器必须放在fileUpload之后，否则无效 -->
	         <interceptor-ref name="defaultStack" />
		</action>	
	</package>
</struts>